USERS_typeId,USERS_id
CE,93098914
CC,86909336
CC,85715950
CE,91096240
CE,12521211
CE,61872524
CC,81282629
CE,65026892
CC,75143424
CC,04285878
CE,50779679
CE,96794826
CC,71715368
CC,63934819
CC,65766332
CE,84440061
CC,15972370
CC,57229051
CE,10542585
CE,61934708
CC,15024151
CC,01499115
CC,42742941
CE,57521608
CC,62439794
CE,54712757
CE,50719150
CC,43675519
CE,16491400
CE,30237312
CC,69947493
CC,46997669
CC,84611681
CE,51317586
CC,58219971
CE,46848757
CC,03167766
CC,61366684
CC,67195584
CE,88005485
CE,24807314
CE,62154461
CE,91249838
CE,11180946
CC,77412453
CE,85234423
CC,31533258
CC,64598171
CC,12152298
CC,76628430
CE,88900842
CE,16039561
CE,40878705
CE,11708313
CE,44818218
CC,29746168
CC,05176185
CE,40701165
CE,67688386
CE,09024501
CE,39466651
CE,44497887
CC,93852672
CE,42224826
CC,19325352
CC,71324925
CC,69371775
CE,43946208
CE,17629525
CE,33752832
CE,68522741
CC,07024306
CE,51662577
CC,13751342
CC,55982122
CE,87095357
CC,70908519
CC,86646602
CE,16145215
CE,76974538
CE,95046473
CE,47368702
CC,75018359
CE,92746466
CE,96144587
CC,60605842
CE,42456972
CE,09493858
CC,41104006
CE,92099506
CC,26459495
CC,58055790
CC,13617304
CE,08566381
CC,11662023
CE,32519988
CC,16061955
CC,01466088
CC,18771708
CE,74654380
CE,25631903
CC,83972183
CE,34159283
CC,51473914
CE,75690037
CC,28468688
CE,34678535
CC,61344356
CC,96839005
CE,37697828
CE,72714445
CC,51875587
CE,59289600
CC,75186857
CC,98915086
CE,12863468
CC,57409927
CC,17934568
CE,20341589
CC,28500302
CC,27665043
CE,43513000
CC,69853910
CC,40421281
CE,60597470
CC,82628698
CE,07433747
CC,80465143
CE,41660144
CE,28523020
CE,83595954
CE,59407384
CE,89570967
CC,58312984
CC,19168527
CE,78129632
CC,37420376
CE,64722711
CC,27343227
CC,25220951
CC,20629229
CE,11263061
CE,93701757
CE,91738762
CC,85590239
CC,18489514
CE,64709468
CC,14042818
CC,20029904
CE,52616242
CC,01341907
CC,82706578
CE,83345145
CE,52568127
CE,87335683
CC,03517238
CC,99631253
CE,16148794
CC,06985326
CE,30270790
CE,56602085
CC,09080450
CC,78745034
CC,95116396
CC,81723288
CE,21559620
CC,26180905
CC,56029865
CC,04470641
CC,82747173
CE,41196115
CE,26682640
CC,42558230
CE,04653593
CC,51816166
CC,91329135
CE,28833598
CE,09613597
CE,69268877
CC,73562424
CE,28358712
CE,78311222
CC,82766327
CE,10605469
CC,82063398
CC,77746713
CC,88497481
CC,36050774
CE,79060009
CC,08726614
CE,96665555
CC,70878454
CE,13706769
CE,11688352
CE,69784891
CC,66184360
CE,16522778
CE,58344508
CE,31007438
CC,44988989
CE,35212461
CE,71171232
CC,41754266
CE,82272507
CE,45103846
CE,36433340
CE,40942163
CC,91478272
CE,31345017
CE,80589896
CE,26727610
CC,01737143
CC,37168508
CE,52619847
CC,03935827
CE,10236323
CE,41000566
CE,01258060
CC,52886786
CC,56068862
CE,29122443
CE,54497005
CC,12623636
CE,85728324
CC,26257081
CE,31468470
CC,20373151
CE,61979683
CE,88822089
CC,80786443
CE,03166697
CC,17666743
CC,94402937
CC,84893218
CC,61789123
CC,07920168
CC,46238869
CC,53484115
CE,85799799
CE,66683927
CE,01068639
CC,24417064
CE,34943783
CC,76098930
CE,62189277
CE,81881279
CE,50482491
CC,75636569
CC,85976697
CE,88898965
CC,45683973
CC,15778738
CC,32192917
CC,63388281
CE,98296656
CC,52966759
CE,47204791
CC,15573104
CC,87740438
CE,15386235
CE,21306602
CE,74094500
CC,81978882
CE,32886859
CC,78640297
CC,59272521
CE,36205093
CC,20933741
CE,17610406
CE,12228009
CE,40376279
CC,51335795
CE,37372917
CC,09359089
CC,55931336
CC,03763782
CE,86871991
CE,89227728
CE,32642841
CE,23828657
CC,89128825
CC,34108371
CE,70369418
CE,29171925
CE,34850326
CE,40005527
CC,60568280
CE,25937250
CE,60696857
CE,23767476
CC,52703193
CE,83116336
CE,16067648
CC,98787356
CE,21475220
CC,01214517
CC,53395908
CC,87712860
CE,73144345
CE,03203833
CC,18482665
CC,40009865
CC,67406721
CE,57170093
CC,87555191
CE,32941597
CE,29166604
CC,81507637
CE,26148650
CC,60506484
CC,70401384
CE,21546555
CC,61575091
CE,96371656
CC,07790565
CE,35461475
CC,66510101
CE,99299680
CE,85072344
CC,87599502
CE,21966007
CC,23173359
CC,35836145
CE,25446643
CE,66774438
CE,86458568
CE,91025922
CC,71755842
CE,88496899
CE,14034730
CE,41572310
CE,67619253
CC,63508572
CE,32554703
CE,51012867
CC,97981406
CE,48641130
CE,59465411
CC,46064951
CE,53879742
CE,66323901
CC,49906168
CE,39499024
CE,00223504
CE,14082009
CC,76347853
CC,45890426
CC,86156313
CC,72314075
CC,67942585
CC,21689283
CC,29281062
CE,75881012
CC,18840327
CC,51033969
CC,60878402
CE,49504990
CE,78882593
CC,53321708
CE,63114926
CC,97593290
CE,95208983
CC,23486624
CE,09274731
CE,78504316
CC,22936543
CE,95595037
CE,09856075
CE,77904250
CC,18311904
CE,53455056
CE,43935238
CE,57659719
CC,71810086
CC,72716085
CE,74374732
CC,76572780
CC,85844059
CE,95986830
CC,17843591
CC,21079067
CC,92406783
CC,03974369
CE,39263357
CC,22639078
CE,55325224
CE,87899326
CC,58720009
CE,37003183
CE,55089019
CC,46954367
CC,39330617
CE,17796202
CE,58951107
CC,90270580
CC,02477710
CE,32240303
CC,76130877
CC,79874128
CE,49328701
CE,01281017
CE,75295838
CE,63236663
CC,49270831
CE,25260863
CE,82428486
CC,75986150
CE,04529818
CC,38799124
CC,51862230
CC,55512012
CE,39232764
CC,42722820
CC,44243732
CE,83390368
CE,50924220
CC,34348392
CE,34532655
CC,29913462
CC,46884768
CC,79533684
CC,62638607
CC,42456744
CE,15999815
CC,73327344
CE,72521904
CE,70752481
CE,13673502
CE,50916560
CC,17640267
CE,43719960
CC,64381048
CE,80968978
CE,71973125
CE,28640268
CC,63870221
CE,77094198
CE,82042895
CE,91909829
CC,79399420
CC,72765857
CE,89007462
CC,65891062
CC,60240439
CE,69911536
CC,37376429
CE,59789078
CC,76455499
CE,15223847
CE,23972995
CC,32080118
CE,34595916
CC,91421505
CC,38496945
CE,34694387
CE,74099299
CE,33940939
CC,71127856
CE,57476797
CC,95416595
CE,59967759
CE,34283656
CC,20973878
CC,69295940
CE,44057703
CC,95536209
CE,94221171
CE,67963782
CC,54364988
CE,03082594
CE,46996489
CC,37287053
CC,42294605
CC,38183907
CE,30774206
CC,51862828
CE,27752416
CE,59426360
CE,56109764
CE,46740409
CC,42902105
CE,65312899
CC,03297660
CC,47800593
CC,57876267
CE,90751318
CE,87169316
CE,02784474
CC,07770821
CE,15200645
CE,55961475
CE,71030054
CE,83353416
CE,86570682
CE,02257610
CC,16357011
CE,75955398
CC,19842162
CE,67515045
CC,81771029
CE,75273541
CE,97110072
CC,42321530
CC,16480376
CE,37498888
CE,77881928
CE,06782965
CE,63085841
CE,57585608
CE,52274393
CE,85588742
CE,75600568
CE,46215675
CC,25497504
CE,97396292
CC,89507464
CC,99626285
CC,90494947
CE,27559536
CE,58578462
CC,30908943
CE,11356627
CC,00091328
CE,36217921
CC,25431666
CE,71976440
CC,76091416
CE,56990122
CC,92697049
CC,50487320
CC,83698845
CE,57881233
CC,63690523
CC,09163752
CC,56366316
CC,17929716
CE,60933926
CC,33147205
CE,51524982
CC,14300539
CE,89820273
CE,66803414
CC,42807463
CE,33599817
CE,09942976
CE,10677719
CE,92076424
CC,54626646
CC,14703355
CE,48275392
CE,93098914
CC,86909336
CC,85715950
CE,91096240
CE,12521211
CE,61872524
CC,81282629
CE,65026892
CC,75143424
CC,04285878
CE,50779679
CE,96794826
CC,71715368
CC,63934819
CC,65766332
CE,84440061
CC,15972370
CC,57229051
CE,10542585
CE,61934708
CC,15024151
CC,01499115
CC,42742941
CE,57521608
CC,62439794
CE,54712757
CE,50719150
CC,43675519
CE,16491400
CE,30237312
CC,69947493
CC,46997669
CC,84611681
CE,51317586
CC,58219971
CE,46848757
CC,03167766
CC,61366684
CC,67195584
CE,88005485
CE,24807314
CE,62154461
CE,91249838
CE,11180946
CC,77412453
CE,85234423
CC,31533258
CC,64598171
CC,12152298
CC,76628430
CE,93098914
CC,86909336
CC,85715950
CE,91096240
CE,12521211
CE,61872524
CC,81282629
CE,65026892
CC,75143424
CC,04285878
CE,50779679
CE,96794826
CC,71715368
CC,63934819
CC,65766332
CE,84440061
CC,15972370
CC,57229051
CE,10542585
CE,61934708
CC,15024151
CC,01499115
CC,42742941
CE,57521608
CC,62439794
CE,54712757
CE,50719150
CC,43675519
CE,16491400
CE,30237312
CC,69947493
CC,46997669
CC,84611681
CE,51317586
CC,58219971
CE,46848757
CC,03167766
CC,61366684
CC,67195584
CE,88005485
CE,24807314
CE,62154461
CE,91249838
CE,11180946
CC,77412453
CE,85234423
CC,31533258
CC,64598171
CC,12152298
CC,76628430
CE,93098914
CC,86909336
CC,85715950
CE,91096240
CE,12521211
CE,61872524
CC,81282629
CE,65026892
CC,75143424
CC,04285878
CE,50779679
CE,96794826
CC,71715368
CC,63934819
CC,65766332
CE,84440061
CC,15972370
CC,57229051
CE,10542585
CE,61934708
CC,15024151
CC,01499115
CC,42742941
CE,57521608
CC,62439794
CE,54712757
CE,50719150
CC,43675519
CE,16491400
CE,30237312
CC,69947493
CC,46997669
CC,84611681
CE,51317586
CC,58219971
CE,46848757
CC,03167766
CC,61366684
CC,67195584
CE,88005485
CE,24807314
CE,62154461
CE,91249838
CE,11180946
CC,77412453
CE,85234423
CC,31533258
CC,64598171
CC,12152298
CC,76628430
CE,93098914
CC,86909336
CC,85715950
CE,91096240
CE,12521211
CE,61872524
CC,81282629
CE,65026892
CC,75143424
CC,04285878
CE,50779679
CE,96794826
CC,71715368
CC,63934819
CC,65766332
CE,84440061
CC,15972370
CC,57229051
CE,10542585
CE,61934708
CC,15024151
CC,01499115
CC,42742941
CE,57521608
CC,62439794
CE,54712757
CE,50719150
CC,43675519
CE,16491400
CE,30237312
CC,69947493
CC,46997669
CC,84611681
CE,51317586
CC,58219971
CE,46848757
CC,03167766
CC,61366684
CC,67195584
CE,88005485
CE,24807314
CE,62154461
CE,91249838
CE,11180946
CC,77412453
CE,85234423
CC,31533258
CC,64598171
CC,12152298
CC,76628430
CE,93098914
CC,86909336
CC,85715950
CE,91096240
CE,12521211
CE,61872524
CC,81282629
CE,65026892
CC,75143424
CC,04285878
CE,50779679
CE,96794826
CC,71715368
CC,63934819
CC,65766332
CE,84440061
CC,15972370
CC,57229051
CE,10542585
CE,61934708
CC,15024151
CC,01499115
CC,42742941
CE,57521608
CC,62439794
CE,54712757
CE,50719150
CC,43675519
CE,16491400
CE,30237312
CC,69947493
CC,46997669
CC,84611681
CE,51317586
CC,58219971
CE,46848757
CC,03167766
CC,61366684
CC,67195584
CE,88005485
CE,24807314
CE,62154461
CE,91249838
CE,11180946
CC,77412453
CE,85234423
CC,31533258
CC,64598171
CC,12152298
CC,76628430
CE,93098914
CC,86909336
CC,85715950
CE,91096240
CE,12521211
CE,61872524
CC,81282629
CE,65026892
CC,75143424
CC,04285878
CE,50779679
CE,96794826
CC,71715368
CC,63934819
CC,65766332
CE,84440061
CC,15972370
CC,57229051
CE,10542585
CE,61934708
CC,15024151
CC,01499115
CC,42742941
CE,57521608
CC,62439794
CE,54712757
CE,50719150
CC,43675519
CE,16491400
CE,30237312
CC,69947493
CC,46997669
CC,84611681
CE,51317586
CC,58219971
CE,46848757
CC,03167766
CC,61366684
CC,67195584
CE,88005485
CE,24807314
CE,62154461
CE,91249838
CE,11180946
CC,77412453
CE,85234423
CC,31533258
CC,64598171
CC,12152298
CC,76628430
CE,93098914
CC,86909336
CC,85715950
CE,91096240
CE,12521211
CE,61872524
CC,81282629
CE,65026892
CC,75143424
CC,04285878
CE,50779679
CE,96794826
CC,71715368
CC,63934819
CC,65766332
CE,84440061
CC,15972370
CC,57229051
CE,10542585
CE,61934708
CC,15024151
CC,01499115
CC,42742941
CE,57521608
CC,62439794
CE,54712757
CE,50719150
CC,43675519
CE,16491400
CE,30237312
CC,69947493
CC,46997669
CC,84611681
CE,51317586
CC,58219971
CE,46848757
CC,03167766
CC,61366684
CC,67195584
CE,88005485
CE,24807314
CE,62154461
CE,91249838
CE,11180946
CC,77412453
CE,85234423
CC,31533258
CC,64598171
CC,12152298
CC,76628430
CE,93098914
CC,86909336
CC,85715950
CE,91096240
CE,12521211
CE,61872524
CC,81282629
CE,65026892
CC,75143424
CC,04285878
CE,50779679
CE,96794826
CC,71715368
CC,63934819
CC,65766332
CE,84440061
CC,15972370
CC,57229051
CE,10542585
CE,61934708
CC,15024151
CC,01499115
CC,42742941
CE,57521608
CC,62439794
CE,54712757
CE,50719150
CC,43675519
CE,16491400
CE,30237312
CC,69947493
CC,46997669
CC,84611681
CE,51317586
CC,58219971
CE,46848757
CC,03167766
CC,61366684
CC,67195584
CE,88005485
CE,24807314
CE,62154461
CE,91249838
CE,11180946
CC,77412453
CE,85234423
CC,31533258
CC,64598171
CC,12152298
CC,76628430
CE,93098914
CC,86909336
CC,85715950
CE,91096240
CE,12521211
CE,61872524
CC,81282629
CE,65026892
CC,75143424
CC,04285878
CE,50779679
CE,96794826
CC,71715368
CC,63934819
CC,65766332
CE,84440061
CC,15972370
CC,57229051
CE,10542585
CE,61934708
CC,15024151
CC,01499115
CC,42742941
CE,57521608
CC,62439794
CE,54712757
CE,50719150
CC,43675519
CE,16491400
CE,30237312
CC,69947493
CC,46997669
CC,84611681
CE,51317586
CC,58219971
CE,46848757
CC,03167766
CC,61366684
CC,67195584
CE,88005485
CE,24807314
CE,62154461
CE,91249838
CE,11180946
CC,77412453
CE,85234423
CC,31533258
CC,64598171
CC,12152298
CC,76628430
