post_no,EVENTS_reference_code,PRIORITIES_priorityPlan
1,693440,Premium
2,480197,Platinum
3,838828,Deluxe
4,580481,Platinum
5,228545,Deluxe
6,410297,Premium
7,878681,Deluxe
8,379085,Platinum
9,822296,Premium
10,363926,Deluxe
11,291897,Premium
12,109960,Platinum
13,775063,Premium
14,760957,Deluxe
15,855519,Platinum
16,99673,Platinum
17,159760,Deluxe
18,216837,Premium
19,726009,Platinum
20,65149,Premium
21,285643,Deluxe
22,839692,Premium
23,647389,Platinum
24,990870,Deluxe
25,693048,Premium
26,239764,Deluxe
27,670869,Platinum
28,228359,Deluxe
29,333476,Premium
30,66086,Platinum
31,903411,Deluxe
32,586174,Platinum
33,426542,Premium
34,894216,Premium
35,348360,Platinum
36,985934,Deluxe
37,352192,Deluxe
38,818680,Premium
39,138808,Platinum
40,15523,Premium
41,804422,Deluxe
42,497771,Platinum
43,188116,Deluxe
44,517697,Premium
45,491848,Platinum
46,800865,Platinum
47,655103,Deluxe
48,732089,Premium
49,413080,Deluxe
50,125758,Platinum
51,238547,Deluxe
52,965382,Platinum
53,999120,Premium
54,870971,Premium
55,531304,Platinum
56,90688,Deluxe
57,785733,Deluxe
58,494491,Premium
59,166363,Platinum
60,822015,Premium
61,921197,Platinum
62,221213,Deluxe
63,19483,Deluxe
64,401969,Premium
65,453402,Platinum
66,247317,Platinum
67,136721,Deluxe
68,998321,Premium
69,197909,Deluxe
70,811790,Premium
71,102656,Platinum
72,366145,Deluxe
73,147963,Premium
74,54273,Platinum
75,781614,Platinum
76,639136,Premium
77,891113,Deluxe
78,21832,Platinum
79,264920,Deluxe
80,265234,Premium
81,187811,Platinum
82,2877,Deluxe
83,390878,Premium
84,314055,Platinum
85,942330,Premium
86,371181,Deluxe
87,228366,Platinum
88,286779,Premium
89,30515,Deluxe
90,631852,Platinum
91,356824,Premium
92,853826,Deluxe
93,583769,Deluxe
94,938997,Platinum
95,403428,Premium
96,134073,Premium
97,202140,Platinum
98,512888,Deluxe
99,993754,Deluxe
100,982554,Premium
101,253588,Deluxe
102,922673,Platinum
103,785643,Premium
104,615104,Platinum
105,77945,Premium
106,544474,Deluxe
107,152263,Platinum
108,901810,Premium
109,722403,Deluxe
110,388746,Deluxe
111,589832,Platinum
112,68733,Premium
113,652643,Deluxe
114,969224,Premium
115,650615,Platinum
116,153835,Platinum
117,311917,Deluxe
118,764672,Premium
119,666726,Premium
120,353823,Platinum
121,732467,Deluxe
122,782378,Platinum
123,690321,Deluxe
124,221466,Premium
125,994233,Deluxe
126,227486,Premium
127,766193,Platinum
128,587390,Deluxe
129,390602,Premium
130,990359,Platinum
131,151809,Premium
132,691213,Platinum
133,185326,Deluxe
134,955689,Premium
135,544737,Platinum
136,2898,Deluxe
137,947846,Deluxe
138,992590,Platinum
139,816492,Premium
140,648432,Premium
141,859101,Platinum
142,491984,Deluxe
143,25642,Deluxe
144,883796,Platinum
145,295756,Premium
146,400911,Deluxe
147,464314,Platinum
148,138204,Premium
149,994778,Platinum
150,702968,Premium
151,883793,Premium
152,675170,Deluxe
153,610168,Platinum
154,8635,Platinum
155,365352,Premium
156,757179,Deluxe
157,144063,Premium
158,9228,Deluxe
159,614251,Platinum
160,626411,Premium
161,189749,Platinum
162,761963,Deluxe
163,716020,Premium
164,6669,Platinum
165,575057,Deluxe
166,917709,Platinum
167,786560,Premium
168,623880,Deluxe
169,669775,Premium
170,724758,Deluxe
171,842675,Platinum
172,582002,Platinum
173,584160,Premium
174,33818,Deluxe
175,499598,Deluxe
176,805176,Premium
177,985604,Platinum
178,144399,Platinum
179,769540,Deluxe
180,229654,Premium
181,271592,Deluxe
182,790875,Premium
183,278065,Platinum
184,472125,Deluxe
185,121335,Platinum
186,538347,Premium
187,758827,Deluxe
188,489669,Premium
189,89902,Platinum
190,913141,Platinum
191,224282,Deluxe
192,70496,Premium
193,754091,Deluxe
194,716732,Premium
195,893086,Platinum
196,91622,Platinum
197,956156,Premium
198,878502,Deluxe
199,475847,Deluxe
200,33893,Premium
201,660524,Platinum
202,895011,Deluxe
203,832402,Premium
204,790033,Deluxe
205,706166,Platinum
206,344867,Premium
207,788216,Premium
208,104072,Deluxe
209,317240,Platinum
210,468617,Deluxe
211,867206,Premium
212,449492,Platinum
213,643907,Premium
214,824627,Platinum
215,999069,Deluxe
216,95457,Deluxe
217,903313,Premium
218,638264,Platinum
219,839012,Premium
220,785440,Deluxe
221,192388,Platinum
222,40686,Deluxe
223,648442,Premium
224,53513,Platinum
225,949765,Deluxe
226,866461,Premium
227,123720,Platinum
228,811966,Premium
229,681540,Deluxe
230,630978,Platinum
231,419129,Deluxe
232,671642,Premium
233,286788,Platinum
234,415163,Premium
235,801844,Deluxe
236,942442,Platinum
237,312164,Deluxe
238,335853,Premium
239,71386,Platinum
240,402610,Platinum
241,495423,Premium
242,580530,Deluxe
243,149506,Deluxe
244,151784,Premium
245,613623,Platinum
246,422974,Premium
247,580564,Platinum
248,373959,Deluxe
249,967899,Deluxe
250,920708,Platinum
251,140265,Premium
252,803911,Platinum
253,578575,Deluxe
254,368485,Deluxe
255,152868,Premium
256,846385,Platinum
257,268538,Deluxe
258,671299,Platinum
259,864226,Premium
260,993610,Deluxe
261,217298,Premium
262,35167,Platinum
263,359065,Deluxe
264,893472,Premium
265,744068,Platinum
266,298339,Premium
267,96637,Deluxe
268,686220,Platinum
269,158282,Deluxe
270,766817,Platinum
271,842666,Premium
272,608634,Premium
273,743825,Deluxe
274,357034,Platinum
275,576282,Deluxe
276,694210,Platinum
277,169349,Premium
278,345211,Platinum
279,382642,Deluxe
280,235004,Premium
281,332131,Platinum
282,737489,Deluxe
283,249984,Premium
284,854336,Platinum
285,337183,Premium
286,920546,Deluxe
287,686645,Platinum
288,414821,Premium
289,773410,Deluxe
290,579882,Deluxe
291,405111,Platinum
292,943065,Premium
293,254082,Deluxe
294,377148,Premium
295,798693,Platinum
296,955400,Platinum
297,576388,Deluxe
298,955503,Premium
299,841689,Premium
300,455866,Platinum
301,606448,Deluxe
302,146618,Premium
303,396852,Platinum
304,213728,Deluxe
305,676522,Premium
306,30597,Platinum
307,470766,Deluxe
308,790909,Premium
309,692991,Platinum
310,891437,Deluxe
311,936835,Premium
312,18986,Platinum
313,559999,Deluxe
314,17605,Platinum
315,264625,Premium
316,703144,Premium
317,651969,Deluxe
318,346383,Platinum
319,401459,Premium
320,649838,Platinum
321,338774,Deluxe
322,183678,Platinum
323,542709,Deluxe
324,401975,Premium
325,954013,Deluxe
326,305152,Platinum
327,796575,Premium
328,478933,Premium
329,753043,Platinum
330,922978,Deluxe
331,729366,Premium
332,794627,Deluxe
333,61708,Platinum
334,691404,Platinum
335,830007,Premium
336,561861,Deluxe
337,24034,Deluxe
338,488441,Premium
339,579575,Platinum
340,909855,Platinum
341,858079,Deluxe
342,333061,Premium
343,494180,Deluxe
344,269041,Premium
345,516109,Platinum
346,910476,Platinum
347,272764,Premium
348,205689,Deluxe
349,614664,Platinum
350,349636,Deluxe
351,634575,Deluxe
352,239174,Premium
353,431587,Platinum
354,764843,Deluxe
355,273321,Platinum
356,767773,Premium
357,231667,Premium
358,490614,Platinum
359,749281,Deluxe
360,145129,Deluxe
361,615929,Premium
362,377241,Platinum
363,910502,Premium
364,353371,Deluxe
365,850579,Platinum
366,101334,Platinum
367,19672,Deluxe
368,488106,Premium
369,685239,Deluxe
370,235736,Platinum
371,464090,Premium
372,251336,Platinum
373,906348,Premium
374,325576,Deluxe
375,631593,Premium
376,929831,Platinum
377,946357,Deluxe
378,455488,Deluxe
379,908746,Platinum
380,438408,Premium
381,311255,Platinum
382,749486,Premium
383,363832,Deluxe
384,253332,Platinum
385,598776,Premium
386,230188,Deluxe
387,315730,Platinum
388,828522,Deluxe
389,490602,Premium
390,709692,Deluxe
391,632483,Premium
392,803148,Platinum
393,30784,Premium
394,897890,Deluxe
395,440561,Platinum
396,435719,Deluxe
397,1378,Premium
398,28471,Platinum
399,914370,Deluxe
400,294528,Platinum
401,727547,Deluxe
402,813712,Premium
403,565265,Platinum
404,220887,Premium
405,351836,Deluxe
406,520335,Platinum
407,266048,Platinum
408,9897,Deluxe
409,513583,Premium
410,459557,Premium
411,428461,Platinum
412,240781,Deluxe
413,477363,Premium
414,839668,Platinum
415,12164,Deluxe
416,132609,Deluxe
417,971880,Platinum
418,591881,Premium
419,360127,Platinum
420,494796,Deluxe
421,894829,Premium
422,363996,Deluxe
423,56409,Platinum
424,584845,Premium
425,410615,Platinum
426,335188,Premium
427,218042,Deluxe
428,648085,Premium
429,340464,Platinum
430,192536,Deluxe
431,923933,Premium
432,460261,Deluxe
433,593020,Platinum
434,285173,Deluxe
435,300254,Premium
436,230278,Platinum
437,240072,Platinum
438,574354,Deluxe
439,255077,Premium
440,440754,Deluxe
441,855225,Platinum
442,345817,Premium
443,698003,Platinum
444,166461,Premium
445,535704,Deluxe
446,960723,Premium
447,832192,Deluxe
448,971044,Platinum
449,637974,Platinum
450,233742,Premium
451,38190,Platinum
452,460976,Deluxe
453,7278,Premium
454,44748,Premium
455,332547,Deluxe
456,912096,Platinum
457,138600,Premium
458,7739,Deluxe
459,58418,Platinum
460,622580,Platinum
461,904247,Deluxe
462,45283,Premium
463,433866,Premium
464,460806,Deluxe
465,522857,Platinum
466,112060,Premium
467,976020,Platinum
468,373648,Deluxe
469,115568,Platinum
470,684141,Deluxe
471,625634,Premium
472,262689,Premium
473,68442,Deluxe
474,27296,Platinum
475,975385,Deluxe
476,259135,Platinum
477,314023,Premium
478,595094,Premium
479,343695,Platinum
480,213272,Deluxe
481,622434,Platinum
482,611481,Deluxe
483,435221,Premium
484,300457,Deluxe
485,918584,Platinum
486,813157,Premium
487,889929,Deluxe
488,69203,Platinum
489,111314,Premium
490,511100,Platinum
491,100658,Deluxe
492,371498,Premium
493,836350,Premium
494,219540,Deluxe
495,407374,Platinum
496,878908,Deluxe
497,53476,Platinum
498,538843,Premium
499,974395,Deluxe
500,127733,Platinum
501,471451,Platinum
502,199565,Premium
503,584547,Deluxe
504,244688,Premium
505,698102,Deluxe
506,648209,Platinum
507,40259,Platinum
508,750148,Premium
509,939486,Deluxe
510,230423,Deluxe
511,970170,Premium
512,216758,Platinum
513,588782,Premium
514,737869,Platinum
515,899851,Deluxe
516,486372,Deluxe
517,764699,Premium
518,122144,Platinum
519,853604,Platinum
520,269292,Deluxe
521,896064,Premium
522,928297,Platinum
523,256526,Deluxe
524,285187,Premium
525,98125,Platinum
526,867212,Premium
527,904130,Deluxe
528,43343,Platinum
529,199197,Premium
530,91434,Deluxe
531,75093,Premium
532,289349,Deluxe
533,616404,Platinum
534,616409,Premium
535,669588,Platinum
536,268589,Deluxe
537,178168,Deluxe
538,217299,Premium
539,377923,Platinum
540,891894,Premium
541,829671,Deluxe
542,12374,Platinum
543,370770,Premium
544,638304,Platinum
545,750693,Deluxe
546,760949,Platinum
547,686808,Premium
548,909808,Deluxe
549,548303,Deluxe
550,925877,Premium
551,693440,Premium
552,480197,Platinum
553,838828,Deluxe
554,580481,Premium
555,228545,Deluxe
556,410297,Platinum
557,878681,Deluxe
558,379085,Platinum
559,822296,Premium
560,363926,Deluxe
561,291897,Platinum
562,109960,Premium
563,775063,Deluxe
564,760957,Platinum
565,855519,Premium
566,99673,Deluxe
567,159760,Platinum
568,216837,Premium
569,726009,Platinum
570,65149,Deluxe
571,285643,Premium
572,839692,Premium
573,647389,Platinum
574,990870,Deluxe
575,693048,Premium
576,239764,Deluxe
577,670869,Platinum
578,228359,Deluxe
579,333476,Premium
580,66086,Platinum
581,903411,Platinum
582,586174,Premium
583,426542,Deluxe
584,894216,Platinum
585,348360,Deluxe
586,985934,Premium
587,352192,Premium
588,818680,Platinum
589,138808,Deluxe
590,15523,Premium
591,804422,Deluxe
592,497771,Platinum
593,188116,Deluxe
594,517697,Platinum
595,491848,Premium
596,800865,Platinum
597,655103,Deluxe
598,732089,Premium
599,413080,Platinum
600,125758,Premium
601,693440,Premium
602,480197,Platinum
603,838828,Deluxe
604,580481,Platinum
605,228545,Deluxe
606,410297,Premium
607,878681,Deluxe
608,379085,Premium
609,822296,Platinum
610,363926,Premium
611,291897,Deluxe
612,109960,Platinum
613,775063,Premium
614,760957,Deluxe
615,855519,Platinum
616,99673,Platinum
617,159760,Deluxe
618,216837,Premium
619,726009,Premium
620,65149,Deluxe
621,285643,Platinum
622,839692,Deluxe
623,647389,Platinum
624,990870,Premium
625,693048,Deluxe
626,239764,Platinum
627,670869,Premium
628,228359,Deluxe
629,333476,Platinum
630,66086,Premium
631,903411,Premium
632,586174,Deluxe
633,426542,Platinum
634,894216,Deluxe
635,348360,Premium
636,985934,Platinum
637,352192,Deluxe
638,818680,Platinum
639,138808,Premium
640,15523,Platinum
641,804422,Deluxe
642,497771,Premium
643,188116,Deluxe
644,517697,Platinum
645,491848,Premium
646,800865,Premium
647,655103,Deluxe
648,732089,Platinum
649,413080,Premium
650,125758,Platinum
651,693440,Platinum
652,480197,Deluxe
653,838828,Premium
654,580481,Deluxe
655,228545,Platinum
656,410297,Premium
657,878681,Platinum
658,379085,Premium
659,822296,Deluxe
660,363926,Premium
661,291897,Platinum
662,109960,Deluxe
663,775063,Deluxe
664,760957,Platinum
665,855519,Premium
666,99673,Premium
667,159760,Deluxe
668,216837,Platinum
669,726009,Premium
670,65149,Deluxe
671,285643,Platinum
672,839692,Platinum
673,647389,Deluxe
674,990870,Premium
675,693048,Platinum
676,239764,Deluxe
677,670869,Premium
678,228359,Premium
679,333476,Platinum
680,66086,Deluxe
681,903411,Deluxe
682,586174,Platinum
683,426542,Premium
684,894216,Deluxe
685,348360,Premium
686,985934,Platinum
687,352192,Deluxe
688,818680,Platinum
689,138808,Premium
690,15523,Premium
691,804422,Platinum
692,497771,Deluxe
693,188116,Deluxe
694,517697,Premium
695,491848,Platinum
696,800865,Premium
697,655103,Deluxe
698,732089,Platinum
699,413080,Deluxe
700,125758,Premium
701,693440,Platinum
702,480197,Deluxe
703,838828,Premium
704,580481,Deluxe
705,228545,Platinum
706,410297,Premium
707,878681,Deluxe
708,379085,Platinum
709,822296,Premium
710,363926,Premium
711,291897,Platinum
712,109960,Deluxe
713,775063,Platinum
714,760957,Premium
715,855519,Deluxe
716,99673,Premium
717,159760,Deluxe
718,216837,Platinum
719,726009,Deluxe
720,65149,Premium
721,285643,Platinum
722,839692,Premium
723,647389,Platinum
724,990870,Deluxe
725,693048,Platinum
726,239764,Premium
727,670869,Deluxe
728,228359,Premium
729,333476,Platinum
730,66086,Deluxe
731,903411,Premium
732,586174,Deluxe
733,426542,Platinum
734,894216,Deluxe
735,348360,Premium
736,985934,Platinum
737,352192,Premium
738,818680,Platinum
739,138808,Deluxe
740,15523,Platinum
741,804422,Premium
742,497771,Deluxe
743,188116,Premium
744,517697,Platinum
745,491848,Deluxe
746,800865,Platinum
747,655103,Deluxe
748,732089,Premium
749,413080,Deluxe
750,125758,Premium
751,693440,Platinum
752,480197,Deluxe
753,838828,Premium
754,580481,Platinum
755,228545,Premium
756,410297,Deluxe
757,878681,Premium
758,379085,Deluxe
759,822296,Platinum
760,363926,Premium
761,291897,Deluxe
762,109960,Platinum
763,775063,Platinum
764,760957,Premium
765,855519,Deluxe
766,99673,Deluxe
767,159760,Premium
768,216837,Platinum
769,726009,Deluxe
770,65149,Premium
771,285643,Platinum
772,839692,Deluxe
773,647389,Premium
774,990870,Platinum
775,693048,Premium
776,239764,Platinum
777,670869,Deluxe
778,228359,Platinum
779,333476,Premium
780,66086,Deluxe
781,903411,Deluxe
782,586174,Platinum
783,426542,Premium
784,894216,Platinum
785,348360,Premium
786,985934,Deluxe
787,352192,Premium
788,818680,Platinum
789,138808,Deluxe
790,15523,Premium
791,804422,Platinum
792,497771,Deluxe
793,188116,Deluxe
794,517697,Premium
795,491848,Platinum
796,800865,Deluxe
797,655103,Premium
798,732089,Platinum
799,413080,Premium
800,125758,Platinum
801,693440,Premium
802,480197,Platinum
803,838828,Deluxe
804,580481,Deluxe
805,228545,Premium
806,410297,Platinum
807,878681,Platinum
808,379085,Premium
809,822296,Deluxe
810,363926,Platinum
811,291897,Deluxe
812,109960,Premium
813,775063,Premium
814,760957,Platinum
815,855519,Deluxe
816,99673,Deluxe
817,159760,Platinum
818,216837,Premium
819,726009,Deluxe
820,65149,Premium
821,285643,Platinum
822,839692,Deluxe
823,647389,Premium
824,990870,Platinum
825,693048,Platinum
826,239764,Deluxe
827,670869,Premium
828,228359,Deluxe
829,333476,Platinum
830,66086,Premium
831,903411,Deluxe
832,586174,Premium
833,426542,Platinum
834,894216,Platinum
835,348360,Deluxe
836,985934,Premium
837,352192,Platinum
838,818680,Deluxe
839,138808,Premium
840,15523,Deluxe
841,804422,Platinum
842,497771,Premium
843,188116,Platinum
844,517697,Deluxe
845,491848,Premium
846,800865,Premium
847,655103,Platinum
848,732089,Deluxe
849,413080,Platinum
850,125758,Premium
851,693440,Premium
852,480197,Deluxe
853,838828,Platinum
854,580481,Deluxe
855,228545,Platinum
856,410297,Premium
857,878681,Platinum
858,379085,Deluxe
859,822296,Premium
860,363926,Premium
861,291897,Platinum
862,109960,Deluxe
863,775063,Deluxe
864,760957,Premium
865,855519,Platinum
866,99673,Premium
867,159760,Platinum
868,216837,Deluxe
869,726009,Platinum
870,65149,Premium
871,285643,Deluxe
872,839692,Deluxe
873,647389,Platinum
874,990870,Premium
875,693048,Platinum
876,239764,Deluxe
877,670869,Premium
878,228359,Premium
879,333476,Platinum
880,66086,Deluxe
881,903411,Platinum
882,586174,Deluxe
883,426542,Premium
884,894216,Platinum
885,348360,Deluxe
886,985934,Premium
887,352192,Deluxe
888,818680,Premium
889,138808,Platinum
890,15523,Platinum
891,804422,Premium
892,497771,Deluxe
893,188116,Platinum
894,517697,Deluxe
895,491848,Premium
896,800865,Premium
897,655103,Deluxe
898,732089,Platinum
899,413080,Platinum
900,125758,Deluxe
901,693440,Platinum
902,480197,Premium
903,838828,Deluxe
904,580481,Premium
905,228545,Deluxe
906,410297,Platinum
907,878681,Deluxe
908,379085,Premium
909,822296,Platinum
910,363926,Deluxe
911,291897,Platinum
912,109960,Premium
913,775063,Platinum
914,760957,Premium
915,855519,Deluxe
916,99673,Premium
917,159760,Deluxe
918,216837,Platinum
919,726009,Premium
920,65149,Deluxe
921,285643,Platinum
922,839692,Platinum
923,647389,Premium
924,990870,Deluxe
925,693048,Platinum
926,239764,Premium
927,670869,Deluxe
928,228359,Deluxe
929,333476,Platinum
930,66086,Premium
931,903411,Deluxe
932,586174,Platinum
933,426542,Premium
934,894216,Platinum
935,348360,Deluxe
936,985934,Premium
937,352192,Deluxe
938,818680,Premium
939,138808,Platinum
940,15523,Premium
941,804422,Deluxe
942,497771,Platinum
943,188116,Deluxe
944,517697,Platinum
945,491848,Premium
946,800865,Premium
947,655103,Deluxe
948,732089,Platinum
949,413080,Deluxe
950,125758,Platinum
951,693440,Premium
952,480197,Platinum
953,838828,Deluxe
954,580481,Premium
955,228545,Platinum
956,410297,Deluxe
957,878681,Premium
958,379085,Platinum
959,822296,Deluxe
960,363926,Deluxe
961,291897,Premium
962,109960,Platinum
963,775063,Platinum
964,760957,Deluxe
965,855519,Premium
966,99673,Deluxe
967,159760,Premium
968,216837,Platinum
969,726009,Platinum
970,65149,Premium
971,285643,Deluxe
972,839692,Platinum
973,647389,Premium
974,990870,Deluxe
975,693048,Platinum
976,239764,Premium
977,670869,Deluxe
978,228359,Platinum
979,333476,Deluxe
980,66086,Premium
981,903411,Deluxe
982,586174,Platinum
983,426542,Premium
984,894216,Deluxe
985,348360,Platinum
986,985934,Premium
987,352192,Deluxe
988,818680,Platinum
989,138808,Premium
990,15523,Premium
991,804422,Deluxe
992,497771,Platinum
993,188116,Premium
994,517697,Platinum
995,491848,Deluxe
996,800865,Deluxe
997,655103,Premium
998,732089,Platinum
999,413080,Deluxe
1000,125758,Platinum
