BARS_nit,timeTable
9602062,Mon: 37:26am-59:02am
9649844,Thu: 49:71pm-40:97am
4434517,Fri: 79:65pm-09:85pm
5759166,Sun: 45:73am-80:28pm
1752846,Fri: 44:71pm-99:91pm
8278993,Mon: 07:90am-85:40am
3041164,Mon: 53:28am-75:56am
2643264,Mon: 77:52pm-22:35pm
4747964,Wed: 85:90pm-96:13am
3601274,Mon: 80:00pm-27:03pm
4450847,Sun: 13:72pm-13:42pm
4994750,Mon: 01:28am-29:13am
3866159,Fri: 09:67pm-31:00am
9760999,Mon: 15:77pm-88:25am
3314924,Sun: 72:90am-11:55pm
4009910,Mon: 34:30pm-02:62pm
4432722,Sun: 49:26pm-38:69am
8155203,Sun: 15:95am-84:42pm
8275541,Mon: 57:89am-71:86am
5799536,Mon: 92:94am-47:67am
9635920,Sun: 88:03am-92:45am
7091791,Mon: 70:57am-24:77am
7243896,Fri: 75:20am-72:49pm
8473018,Sun: 34:61am-77:23am
9167943,Mon: 74:69am-53:10pm
2556301,Sun: 59:61am-52:10pm
4676213,Mon: 55:02am-13:10am
3641793,Sun: 02:96am-21:16am
9698157,Mon: 97:11pm-95:32pm
7643902,Mon: 37:56pm-49:55pm
8416622,Mon: 25:53pm-38:51am
5853796,Mon: 76:58am-48:18pm
1675321,Tue: 16:65am-13:98pm
8245073,Sun: 22:67pm-53:13am
1392844,Sun: 72:89am-40:95am
9040980,Sun: 11:04am-40:58pm
3730357,Thu: 44:96am-11:17pm
7299290,Mon: 79:21am-68:62am
3628022,Thu: 39:48pm-24:33pm
4876915,Sun: 36:47pm-71:41pm
4047649,Mon: 18:94am-22:87am
8999410,Sun: 22:96pm-34:18pm
2166344,Mon: 20:97am-50:11am
5776504,Thu: 32:67am-20:67am
4318865,Mon: 01:35am-21:19am
9720481,Mon: 28:60pm-62:97pm
9028651,Mon: 66:49am-46:22pm
7928352,Sun: 74:91am-64:08am
3375126,Fri: 46:00am-60:68am
4284065,Sun: 10:32am-02:20pm
9882694,Fri: 07:72pm-63:14am
2644361,Mon: 73:22am-34:29pm
6585780,Sun: 02:97am-75:30am
4199282,Sun: 12:95am-22:29pm
3095620,Sun: 92:99pm-62:73am
7608357,Mon: 28:53pm-05:81am
8346394,Mon: 28:94pm-56:47am
9388028,Mon: 24:47am-48:17pm
8398626,Mon: 56:97pm-06:37pm
7117160,Mon: 28:61pm-93:19pm
6072548,Sun: 16:10pm-22:30am
6097709,Thu: 10:84pm-22:81am
5710681,Mon: 97:94am-80:88am
8932687,Mon: 06:63pm-81:77am
1349964,Mon: 67:85pm-24:52pm
6773443,Sun: 83:86am-52:72pm
9496152,Mon: 81:01pm-96:10pm
3535420,Mon: 38:02am-67:26pm
3452744,Mon: 80:21am-53:80am
5763920,Sun: 81:27am-85:85pm
1624556,Thu: 53:01pm-62:88pm
5415871,Mon: 99:90am-93:12am
8003067,Fri: 76:03pm-07:92am
6598324,Mon: 90:40pm-07:17am
3014095,Fri: 51:91am-01:45am
6985526,Thu: 29:48pm-65:10pm
5480537,Mon: 18:31am-14:91am
7165694,Mon: 45:11am-21:02am
6041092,Fri: 99:97pm-30:80pm
9622284,Mon: 96:37am-88:30pm
9703970,Mon: 43:00am-02:14am
4071560,Mon: 00:20pm-60:50pm
9661634,Thu: 34:31am-10:01pm
6945241,Sun: 74:93pm-08:09pm
7280154,Sun: 29:49pm-78:67am
9986767,Mon: 34:06am-16:69pm
4133112,Sun: 19:95am-89:63am
2310611,Mon: 48:85am-31:45am
5297625,Fri: 62:53pm-98:47pm
8136063,Mon: 65:08pm-44:57pm
9514664,Mon: 34:08pm-06:10pm
9178414,Mon: 87:01pm-69:30am
7318050,Mon: 87:14pm-68:88am
7873829,Sun: 03:89pm-21:81am
8849344,Mon: 83:97am-93:84am
5173863,Sun: 87:60am-99:39am
8936722,Fri: 29:19pm-89:22pm
7200565,Mon: 79:57am-64:85pm
8459071,Mon: 42:79am-84:63am
9714401,Sun: 86:39pm-75:54am
5371753,Mon: 06:68pm-07:72pm
9412386,Sun: 19:69am-96:16am
9300277,Sun: 14:63am-92:45pm
1385966,Sun: 80:29am-66:09pm
2346883,Sun: 44:67pm-65:32am
6999019,Mon: 92:76pm-77:27pm
9908524,Mon: 68:47pm-62:34am
1108603,Mon: 92:94pm-70:67am
7573369,Fri: 44:48pm-31:92am
9766782,Sun: 04:07pm-43:84am
9298764,Mon: 01:85pm-74:08am
4717665,Mon: 49:16am-31:66am
6582351,Mon: 98:20am-27:22pm
6303837,Sun: 12:54am-51:78am
7043828,Mon: 82:97am-53:86am
1893919,Sun: 28:77pm-35:80pm
6683915,Sun: 06:00am-75:43pm
8096639,Mon: 92:78pm-18:02am
5431552,Mon: 36:13am-62:54pm
3241265,Mon: 81:24am-61:07am
3992543,Mon: 58:12pm-48:30pm
3462203,Fri: 22:44pm-37:25pm
8631979,Mon: 17:79pm-56:00am
7004364,Sun: 06:97am-44:03am
8801043,Mon: 66:15pm-00:32am
5735554,Mon: 45:36am-75:35am
4811790,Sun: 00:99am-76:87pm
3110377,Fri: 96:09pm-48:97pm
1162186,Sun: 60:04am-16:77am
4353504,Sun: 54:17am-18:78am
6601435,Mon: 21:69pm-30:60am
4851014,Mon: 23:39am-60:77pm
7540994,Mon: 97:72am-46:57am
9325913,Sun: 87:46am-25:83am
1236828,Sun: 38:15am-18:67pm
8104822,Fri: 82:49pm-71:72am
7525032,Sun: 91:13pm-86:57pm
4479563,Sun: 23:81am-17:69pm
2060636,Mon: 62:45pm-77:73pm
5568881,Mon: 52:10pm-28:46am
9251290,Fri: 04:40pm-45:72pm
6763737,Fri: 79:96am-75:64pm
6045609,Mon: 95:29pm-81:94am
8951768,Sun: 86:29am-53:47am
7704686,Mon: 48:93pm-07:49pm
7816047,Mon: 41:21am-85:26pm
4909048,Mon: 26:33am-42:05pm
7731557,Mon: 67:48am-07:04pm
1454325,Sun: 90:74pm-58:60am
4613057,Mon: 37:20pm-00:54pm
4968742,Sun: 99:38am-02:90pm
6605554,Sun: 84:87am-15:76pm
9561459,Mon: 13:68am-00:01am
5322831,Fri: 35:80am-51:93pm
1918027,Fri: 70:99am-53:33pm
7199402,Fri: 20:94pm-08:56pm
3020505,Mon: 26:02am-78:09pm
9877086,Mon: 26:50pm-81:11pm
5429075,Fri: 66:52pm-75:61pm
1442543,Mon: 61:16am-83:71pm
9917437,Thu: 16:02am-05:49pm
8428843,Mon: 00:70am-10:23pm
3486253,Mon: 58:04am-53:36pm
3224517,Sun: 18:74am-00:53pm
4089066,Mon: 63:02pm-81:25pm
5838913,Mon: 21:62pm-22:98am
8695653,Tue: 43:85am-41:40am
4159554,Sun: 71:12pm-89:57am
1478056,Mon: 99:94pm-58:14am
3010886,Mon: 64:41pm-32:09am
3777001,Mon: 55:20pm-32:52pm
9150702,Sun: 99:54am-88:49pm
6153160,Fri: 41:83am-12:17am
8436954,Mon: 31:32pm-52:93am
3696665,Mon: 75:49am-32:20am
7957861,Fri: 15:96am-40:08pm
7874560,Mon: 41:78am-96:29am
9092610,Sun: 06:72am-30:42am
1346134,Mon: 41:08am-47:72pm
5081281,Mon: 97:10am-54:55pm
7740424,Sun: 97:91pm-75:77am
1160901,Wed: 68:59am-98:08pm
6973642,Sun: 09:06am-71:51am
3655657,Thu: 98:10pm-04:43pm
4741672,Tue: 42:44am-93:18pm
9008901,Mon: 38:37pm-26:78pm
1516504,Sun: 77:01pm-86:50pm
9435785,Sun: 79:92am-11:95am
7181687,Mon: 19:98pm-99:04pm
6890049,Sun: 90:26pm-92:27am
7491581,Sun: 63:93am-80:45am
5876536,Wed: 29:45am-77:82pm
2111055,Mon: 29:70am-05:69pm
3699468,Mon: 63:50am-33:11pm
2949097,Fri: 14:04am-27:01am
3232071,Sun: 18:14am-81:81am
1478786,Mon: 47:53pm-92:10pm
7356174,Sun: 03:57pm-19:56pm
9891120,Sun: 66:55am-61:46am
8420741,Mon: 61:54am-25:27am
1180694,Sun: 32:39am-21:61am
9569211,Mon: 96:31pm-35:43am
5447030,Mon: 91:73pm-85:35am
8317030,Mon: 79:90am-07:65pm
2828629,Sun: 71:06am-11:96pm
8727058,Fri: 73:68pm-74:57pm
3566124,Fri: 54:99pm-97:64pm
9941530,Mon: 80:18am-30:31pm
9918943,Mon: 72:56pm-39:93am
7854713,Mon: 18:30pm-87:02am
4019298,Mon: 10:38pm-40:17pm
2846623,Sun: 95:30am-02:89am
5044292,Mon: 83:55am-70:44am
4528232,Mon: 75:69am-53:63pm
3306791,Mon: 93:81pm-08:67pm
4782081,Sun: 93:83am-16:04am
4362778,Mon: 69:91am-53:28pm
2846427,Mon: 74:83am-16:11pm
4138824,Fri: 19:62pm-27:87am
2620512,Mon: 84:19pm-81:64am
5563214,Fri: 48:49am-02:16am
5160660,Mon: 21:39am-84:25am
6067591,Sun: 74:02am-03:21pm
7797628,Fri: 97:93pm-76:66am
5346349,Tue: 42:40pm-28:85pm
8995720,Sun: 26:60am-20:48am
5647564,Sun: 75:20am-70:53pm
8307441,Mon: 15:84pm-08:64am
8162701,Fri: 82:54pm-84:26pm
4291197,Mon: 66:43pm-00:07am
4049701,Mon: 17:92pm-78:88pm
7645233,Thu: 86:61pm-95:20pm
5343618,Mon: 26:61pm-22:04am
9943690,Sun: 61:51am-39:12pm
5531077,Fri: 80:42am-91:53am
2312869,Mon: 80:53pm-62:19am
4241283,Mon: 98:65am-19:89am
6108546,Mon: 37:85pm-68:22am
6374950,Mon: 51:14am-09:56am
5761553,Mon: 70:12am-82:90am
7444149,Wed: 21:07am-23:19am
6702424,Mon: 11:00pm-74:00pm
8386452,Mon: 29:43am-95:13am
8409475,Mon: 03:90am-42:20am
7020372,Sun: 43:78pm-12:94am
4659361,Mon: 84:75pm-58:62pm
3189330,Sun: 80:80am-12:94pm
6640404,Sun: 88:90pm-76:86am
2006097,Sun: 64:54am-45:87am
8205491,Mon: 35:86am-81:78pm
3582918,Tue: 47:29am-81:74pm
7148544,Mon: 49:01am-51:54pm
4818536,Tue: 08:12am-97:06pm
1124263,Mon: 65:55pm-56:27pm
2013898,Mon: 85:51am-06:52am
9758180,Sun: 94:97am-06:72pm
3872533,Mon: 46:83am-63:76am
1171268,Sun: 89:86am-24:65pm
7190664,Mon: 42:95pm-16:88pm
6658221,Sun: 56:60am-05:05pm
1584938,Sun: 06:78am-99:61am
9499657,Mon: 95:92am-48:10pm
9830047,Mon: 43:34pm-91:95pm
7814779,Mon: 82:00am-62:42pm
6032548,Sun: 32:88pm-01:07am
3274765,Mon: 15:47pm-38:42am
4649341,Sun: 02:04am-79:88am
2558195,Sun: 42:16am-62:07am
5195701,Mon: 86:11pm-17:93am
4815334,Mon: 56:31am-26:04pm
8156349,Mon: 28:15am-86:00pm
8123566,Fri: 71:18pm-91:92pm
7151007,Mon: 91:22am-34:85pm
8598624,Fri: 78:24pm-91:30am
1855669,Mon: 64:07am-12:52am
6497639,Sun: 91:83am-57:05am
1579438,Wed: 41:46pm-88:70pm
1255944,Mon: 62:39am-11:49am
2665842,Sun: 56:69pm-43:48am
1118364,Sun: 14:73am-89:58am
8831324,Sun: 41:55am-48:40am
9672287,Mon: 76:98pm-94:82pm
9711053,Wed: 89:02am-92:39pm
9348353,Mon: 55:26pm-58:48am
4179306,Thu: 39:16am-19:47am
3055820,Mon: 02:76am-96:05am
3102184,Mon: 11:48am-01:24pm
6145106,Wed: 88:96am-96:64pm
2647017,Mon: 42:79pm-13:98pm
9709650,Mon: 61:48pm-89:23am
9541729,Mon: 00:79am-09:77pm
8906133,Mon: 83:48am-58:83pm
1699657,Mon: 37:57am-37:55pm
9752798,Mon: 69:31am-30:66am
7462056,Mon: 61:48pm-31:71am
8723079,Wed: 11:48am-81:68am
2740742,Wed: 14:39am-32:92am
2556582,Mon: 63:88pm-03:04pm
6628988,Mon: 01:26am-74:67am
6364807,Mon: 49:89pm-32:69am
6561769,Mon: 54:05am-14:92am
7649823,Mon: 06:33am-96:80pm
4574905,Sun: 21:13am-75:68am
3078743,Mon: 76:16am-97:26am
1632365,Mon: 26:39am-60:57am
8576775,Thu: 30:32am-21:36pm
8957023,Mon: 24:57pm-37:63pm
1597742,Fri: 38:82am-14:33am
8462089,Fri: 97:66pm-93:46pm
3756308,Sun: 08:46pm-10:22am
4460665,Mon: 49:95am-43:96pm
7854814,Sun: 44:46pm-95:85am
8747547,Mon: 10:70am-94:74am
9388953,Mon: 59:66am-98:62pm
9566846,Sun: 21:98am-11:17am
3753266,Fri: 60:54am-37:33pm
3526207,Mon: 76:39pm-02:15pm
2018679,Mon: 49:33pm-80:95pm
5534680,Mon: 73:63am-01:40pm
4105479,Mon: 81:64pm-26:52pm
6288962,Thu: 30:50am-69:73am
1497387,Mon: 46:12pm-01:81am
2705594,Mon: 27:00pm-72:60pm
5324765,Fri: 64:76am-56:04am
5245149,Sun: 62:12pm-37:97pm
3143819,Mon: 74:74pm-03:44am
2968790,Sun: 86:48am-96:07pm
3543011,Mon: 34:66am-65:21am
1115260,Mon: 93:60am-89:56am
3654145,Mon: 31:39am-47:54pm
3521933,Mon: 31:39pm-05:37am
7298349,Mon: 17:11am-47:60am
4537051,Thu: 69:96am-01:28am
6310242,Mon: 12:15pm-48:85am
2213446,Sun: 34:29am-10:10pm
4569290,Mon: 88:42pm-56:39am
4139021,Fri: 38:59am-55:12am
3018945,Mon: 35:84pm-88:82pm
3637576,Fri: 11:11am-72:76pm
5517641,Mon: 29:91am-14:17am
7473334,Mon: 37:30am-31:91pm
7224610,Mon: 67:68am-88:89pm
8215145,Fri: 33:47am-56:52am
3967288,Mon: 34:33am-81:77am
8797799,Mon: 83:71pm-29:52pm
9551433,Mon: 80:34pm-96:05pm
9384565,Tue: 39:98am-99:09am
5916378,Mon: 17:80pm-11:07am
1371246,Sun: 58:37pm-75:60pm
1005562,Sun: 41:26am-19:62am
7668197,Wed: 97:62am-58:46am
1898498,Mon: 81:07pm-92:67pm
9901997,Fri: 13:64am-29:33am
1512073,Sun: 15:54pm-17:44pm
3480626,Mon: 63:19pm-41:51am
3748209,Mon: 43:10am-31:34am
7151877,Sun: 06:67pm-03:22am
7829181,Mon: 13:03am-38:84pm
4347148,Mon: 86:30pm-42:13pm
3714437,Sun: 62:35pm-24:69pm
7996516,Mon: 92:99pm-45:49pm
7638301,Mon: 91:74pm-89:09am
8393683,Sun: 68:13am-34:53am
9186476,Sun: 58:57pm-85:08pm
9235637,Mon: 69:83pm-57:19am
3437355,Sun: 48:99am-96:28am
1523173,Tue: 06:20pm-00:47pm
8877473,Sun: 81:13pm-59:47pm
4841078,Mon: 84:90am-27:79pm
8480019,Fri: 70:65am-93:44pm
4924937,Tue: 27:64pm-42:89pm
4470248,Mon: 30:64am-95:15pm
5662086,Mon: 36:38pm-34:56am
5642622,Mon: 88:30am-49:22pm
4029532,Mon: 77:21am-60:99am
3269086,Sun: 61:69am-19:50am
7457624,Sun: 67:32pm-13:31am
8294714,Sun: 00:46pm-07:40pm
2597138,Mon: 11:45pm-92:30pm
2269355,Sun: 38:73am-80:28am
1617629,Mon: 98:05pm-26:12am
9208714,Mon: 66:16am-32:26pm
7671578,Mon: 49:68pm-45:27pm
7130248,Sun: 61:86am-02:84am
2842750,Mon: 54:89pm-90:50pm
4502535,Mon: 68:59pm-01:83am
3786905,Mon: 05:77pm-46:42pm
4825747,Mon: 23:60am-99:34pm
5017450,Mon: 65:23am-94:76am
3759007,Mon: 50:98am-62:08am
6407586,Fri: 65:99pm-16:43pm
3308901,Mon: 56:49pm-81:14pm
3573108,Mon: 35:84pm-52:99pm
1118256,Sun: 47:86am-98:78pm
5044787,Sun: 00:61am-85:85am
1464493,Mon: 39:73pm-63:80pm
3636382,Wed: 01:06pm-88:34pm
2547264,Mon: 03:90pm-60:51am
4861922,Mon: 14:25pm-64:12am
7404703,Mon: 11:10am-08:88pm
5430054,Mon: 41:98pm-62:22pm
4707525,Sun: 75:23pm-98:19am
5236373,Mon: 30:34am-33:61am
2064032,Mon: 95:21pm-34:60am
8062768,Fri: 70:97am-69:62pm
3568779,Fri: 77:75am-92:35pm
2819072,Mon: 01:47pm-33:61pm
8185818,Sun: 64:20pm-76:31am
7909240,Sun: 85:10pm-96:15pm
3300656,Fri: 39:41pm-16:10pm
5147909,Mon: 94:93pm-36:80pm
4639226,Mon: 17:75am-65:03am
4288697,Sun: 72:28pm-85:71pm
7260498,Thu: 20:06am-24:74am
8837067,Sun: 59:14pm-95:66pm
6010930,Sun: 54:25am-81:46am
1604148,Sun: 76:72am-39:82pm
2114081,Sun: 00:36pm-21:39am
5668745,Sun: 54:17pm-37:10am
5252138,Mon: 18:92am-79:54pm
6258080,Sun: 71:76pm-66:79am
6258637,Mon: 78:52am-07:24am
2392752,Sun: 06:62pm-34:84am
8048394,Thu: 67:83am-97:24pm
6767032,Mon: 16:56am-51:12pm
7607282,Sun: 90:98am-12:23am
9386110,Mon: 62:82am-14:87pm
6368250,Sun: 17:39am-59:60am
9826875,Sun: 87:58am-21:72am
2114989,Fri: 44:36pm-62:14pm
9348507,Sun: 16:63am-75:01pm
1868679,Sun: 72:08pm-62:17am
4305933,Mon: 76:74am-14:53am
5305950,Mon: 42:72pm-37:10am
1754235,Mon: 00:72am-83:04am
4616801,Mon: 22:24am-55:34am
8571248,Mon: 12:80am-13:59pm
2412534,Thu: 31:26am-72:45pm
8563484,Mon: 24:91pm-41:29pm
9525604,Mon: 87:35pm-69:95am
4178732,Mon: 23:50am-14:54pm
9350537,Fri: 86:73pm-96:15am
5712771,Mon: 40:98am-08:51pm
9918062,Mon: 71:61am-08:98am
4342523,Thu: 67:81pm-92:88am
4290707,Mon: 61:81am-81:70am
7159772,Mon: 34:15pm-12:90am
3993553,Sun: 93:32am-41:14am
4396621,Mon: 33:54am-69:78am
7250727,Mon: 10:59am-43:93am
9829175,Mon: 87:98pm-33:51pm
2826874,Thu: 17:52am-86:08pm
5506955,Sun: 52:38am-79:27pm
2797501,Sun: 44:16pm-23:85pm
1798655,Mon: 55:22am-03:06pm
2906254,Mon: 66:41am-92:43pm
4880061,Mon: 57:37am-78:81pm
1984007,Sun: 47:78am-65:84am
2721201,Fri: 62:24pm-58:72pm
6198561,Mon: 00:95pm-25:13am
7843086,Mon: 47:25am-42:66am
9496569,Sun: 59:72pm-19:02am
1072107,Sun: 82:31pm-64:75pm
9839419,Mon: 63:07pm-64:99am
9694313,Fri: 42:79am-83:40am
1080759,Sun: 10:79am-17:39pm
9072586,Mon: 06:41am-54:87pm
7448189,Mon: 11:84pm-19:85am
9212024,Mon: 33:53am-72:45pm
6556459,Mon: 57:70am-78:09pm
5406794,Sun: 75:15pm-09:97am
9853526,Fri: 72:44am-73:89pm
1877315,Mon: 53:09pm-33:63am
6827652,Mon: 44:77am-46:49pm
3596153,Mon: 28:85pm-14:67pm
1647644,Fri: 98:88am-88:05pm
6833992,Fri: 95:42pm-91:16pm
4645130,Mon: 36:03pm-30:12pm
8791244,Thu: 08:78pm-84:47am
4838713,Mon: 05:07pm-98:72am
4402144,Mon: 13:21pm-05:25am
2188620,Mon: 43:84pm-37:30am
6183274,Sun: 31:62pm-61:91am
8089032,Mon: 21:96pm-59:09pm
4829572,Sun: 32:48pm-18:26am
4045064,Mon: 77:66am-80:38am
5068012,Mon: 13:87am-49:31pm
6214759,Sun: 70:58pm-70:55am
9282622,Sun: 08:43pm-56:27am
8870451,Sun: 80:21am-28:42pm
1782396,Mon: 68:09am-24:88am
9810881,Mon: 77:27am-78:71pm
5040021,Fri: 90:01pm-44:15am
4988884,Sun: 85:33am-80:57pm
7886331,Mon: 72:19pm-70:45am
4963097,Mon: 52:29am-51:91am
2860302,Sun: 51:60am-75:69am
1682255,Mon: 87:76am-42:62pm
6382870,Thu: 02:41am-07:79am
9760686,Fri: 39:70pm-47:25pm
3173233,Mon: 55:93pm-57:09pm
9856100,Sun: 35:23pm-76:09pm
4001471,Fri: 52:22pm-62:29pm
8233403,Mon: 56:28am-84:76pm
9581458,Mon: 93:51am-60:81am
3447255,Wed: 75:10am-86:00am
6161686,Mon: 50:96pm-84:22am
6988186,Sun: 55:34am-99:68am
5940121,Mon: 68:68am-83:21am
9215911,Mon: 50:85am-90:05am
3908535,Sun: 71:11pm-79:54am
9370939,Mon: 55:38am-48:39pm
9225963,Mon: 20:23am-12:22pm
2257864,Mon: 69:31pm-54:03am
1507753,Mon: 03:54pm-97:64am
8415360,Sun: 55:55pm-19:76pm
8653619,Sun: 44:96pm-29:36am
2724948,Mon: 46:27am-08:53am
9431101,Fri: 15:94am-29:07pm
6547793,Sun: 44:58pm-76:90am
8345540,Fri: 26:10am-83:71pm
9267603,Fri: 66:41am-36:30am
1247855,Sun: 40:27am-91:91am
6209553,Mon: 65:00am-24:99am
5316641,Mon: 75:84pm-34:99pm
3225094,Fri: 62:35am-89:93pm
5758520,Mon: 18:90am-03:71am
2691774,Sun: 84:56am-12:66am
6790126,Sun: 72:26pm-28:89am
5703283,Mon: 18:62am-52:32pm
2653943,Mon: 09:01am-00:33am
2060827,Sun: 55:78pm-64:81pm
8557670,Mon: 54:15am-91:91am
8154162,Mon: 82:02pm-72:49am
5658747,Mon: 42:56pm-02:35am
6427795,Sun: 97:80am-79:65pm
9436446,Sun: 62:77am-47:61am
8243540,Sun: 01:28pm-78:35am
7076794,Mon: 56:18pm-53:58am
2168440,Sun: 70:93pm-35:81pm
7101921,Mon: 01:44am-81:27pm
5264441,Mon: 41:73am-08:28am
9198361,Fri: 41:84am-25:52pm
3827254,Mon: 49:71am-86:28pm
8863785,Mon: 42:70am-35:74am
2024601,Sun: 09:93pm-16:37pm
7072133,Sun: 24:43am-64:66pm
1577413,Sun: 97:61am-66:63am
7162013,Mon: 52:20pm-36:72am
5469278,Sun: 28:98pm-06:41am
9602062,Fri: 38:74am-30:51am
9649844,Mon: 05:72am-56:91am
4434517,Sun: 19:42pm-01:75pm
5759166,Sun: 52:41pm-51:24pm
1752846,Mon: 90:39pm-23:78pm
8278993,Mon: 08:62am-61:97pm
3041164,Fri: 99:54am-11:85am
2643264,Tue: 73:58am-95:13am
4747964,Sun: 30:60pm-13:36pm
3601274,Sun: 76:79pm-74:42pm
4450847,Mon: 76:92pm-46:11pm
4994750,Mon: 48:19pm-59:13pm
3866159,Thu: 30:31am-71:55pm
9760999,Mon: 06:64pm-27:66am
3314924,Mon: 54:59am-05:57pm
4009910,Mon: 44:92pm-70:47pm
4432722,Mon: 51:44pm-33:73pm
8155203,Sun: 80:06am-16:72am
8275541,Mon: 21:08am-70:66pm
5799536,Sun: 77:05am-67:77am
9635920,Mon: 04:45pm-04:08pm
7091791,Mon: 61:91pm-07:61pm
7243896,Fri: 58:58am-06:87pm
8473018,Mon: 06:78pm-47:93am
9167943,Mon: 78:11pm-42:57am
2556301,Sun: 76:85pm-96:62am
4676213,Mon: 36:26pm-98:96pm
3641793,Mon: 57:58am-05:79am
9698157,Mon: 60:68pm-85:41pm
7643902,Sun: 92:73am-86:03am
8416622,Mon: 74:42am-22:48pm
5853796,Sun: 48:75am-42:76pm
1675321,Mon: 99:44pm-88:09pm
8245073,Sun: 02:23pm-58:15am
1392844,Mon: 49:79pm-23:25am
9040980,Sun: 04:35pm-44:41am
3730357,Mon: 49:78pm-33:75am
7299290,Mon: 28:42am-06:01pm
3628022,Fri: 29:08pm-13:93pm
4876915,Mon: 15:61am-58:91pm
4047649,Mon: 06:40am-77:36pm
8999410,Sun: 04:82am-53:90pm
2166344,Fri: 95:33am-95:62pm
5776504,Mon: 04:28pm-85:55am
4318865,Mon: 62:76am-85:53pm
9720481,Mon: 70:55am-85:73pm
9028651,Fri: 03:48pm-49:43am
7928352,Mon: 08:58pm-46:21pm
3375126,Mon: 40:09pm-34:26pm
4284065,Mon: 78:00pm-09:56pm
9602062,Thu: 70:94pm-06:12pm
9649844,Mon: 93:17pm-92:23am
4434517,Sun: 08:72pm-92:20am
5759166,Sun: 99:76pm-02:46pm
1752846,Thu: 15:80am-37:42pm
8278993,Mon: 17:51pm-83:47pm
3041164,Mon: 63:69pm-39:32pm
2643264,Mon: 30:78pm-98:06am
4747964,Wed: 40:17am-30:53am
3601274,Mon: 67:34pm-96:74am
4450847,Mon: 54:27am-62:67pm
4994750,Mon: 20:00am-58:38pm
3866159,Sun: 91:25pm-74:82am
9760999,Mon: 65:09pm-03:82pm
3314924,Fri: 91:23am-74:30am
4009910,Fri: 95:69pm-72:01pm
4432722,Fri: 38:07am-67:22am
8155203,Fri: 09:08am-98:25am
8275541,Mon: 11:38pm-74:85am
5799536,Fri: 09:47pm-28:00am
9635920,Fri: 84:81pm-19:26am
7091791,Sun: 42:69am-34:06pm
7243896,Mon: 77:98pm-08:43pm
8473018,Fri: 67:19pm-71:51am
9167943,Mon: 89:92pm-63:72am
2556301,Mon: 95:57am-68:87am
4676213,Fri: 54:69am-49:58pm
3641793,Sun: 08:37am-98:26pm
9698157,Thu: 37:84am-39:71am
7643902,Mon: 78:24pm-37:71pm
8416622,Thu: 13:10pm-40:98pm
5853796,Mon: 78:23pm-14:59am
1675321,Fri: 44:69pm-85:69am
8245073,Mon: 38:71am-76:04pm
1392844,Mon: 94:73am-59:86pm
9040980,Mon: 96:31am-65:37am
3730357,Sun: 69:38pm-38:26pm
7299290,Mon: 08:61am-61:35pm
3628022,Mon: 07:33am-68:46pm
4876915,Fri: 66:70pm-42:84am
4047649,Mon: 07:35pm-89:01am
8999410,Mon: 49:56am-02:67am
2166344,Mon: 24:73pm-09:89am
5776504,Sun: 80:74pm-37:91pm
4318865,Mon: 70:62am-35:37am
9720481,Mon: 77:58am-42:20pm
9028651,Mon: 89:91am-51:95am
7928352,Mon: 88:95pm-70:36pm
3375126,Mon: 54:76am-96:34am
4284065,Mon: 15:74pm-35:08am
9602062,Mon: 67:81pm-63:11pm
9649844,Sun: 51:96pm-97:49pm
4434517,Mon: 18:92am-87:91am
5759166,Thu: 04:74am-04:03am
1752846,Mon: 86:04pm-13:21pm
8278993,Thu: 30:09am-80:48am
3041164,Mon: 90:67am-45:94am
2643264,Mon: 28:95am-60:81pm
4747964,Mon: 07:94pm-61:68pm
3601274,Mon: 55:77am-33:30pm
4450847,Sun: 27:85am-52:87pm
4994750,Sun: 50:98am-74:05am
3866159,Mon: 11:57pm-96:24pm
9760999,Wed: 39:55am-04:57pm
3314924,Fri: 01:88pm-53:43pm
4009910,Fri: 89:16am-80:59pm
4432722,Mon: 28:77pm-31:64pm
8155203,Sun: 88:08pm-45:46pm
8275541,Fri: 43:68pm-85:27pm
5799536,Fri: 90:68pm-06:47am
9635920,Sun: 47:04am-80:56am
7091791,Thu: 38:53am-69:15pm
7243896,Sun: 89:22am-56:55pm
8473018,Mon: 41:74pm-57:56pm
9167943,Mon: 59:18pm-59:95am
2556301,Mon: 45:99pm-02:74am
4676213,Mon: 13:00am-90:47am
3641793,Wed: 92:42am-19:87pm
9698157,Mon: 61:46am-90:08am
7643902,Sun: 36:92am-44:53pm
8416622,Mon: 27:43am-95:33am
5853796,Thu: 05:86pm-40:55pm
1675321,Mon: 56:93am-58:32am
8245073,Sun: 27:43am-33:03pm
1392844,Fri: 73:01am-44:53am
9040980,Sun: 70:77am-95:95pm
3730357,Mon: 26:30am-63:18pm
7299290,Mon: 34:11am-71:26am
3628022,Mon: 29:01am-28:01am
4876915,Fri: 64:13pm-35:81pm
4047649,Mon: 72:91am-00:45am
8999410,Mon: 14:63pm-73:79pm
2166344,Mon: 94:48am-32:77am
5776504,Mon: 76:50am-97:13pm
4318865,Fri: 23:57pm-53:72pm
9720481,Wed: 24:73pm-99:18pm
9028651,Sun: 85:51pm-98:86am
7928352,Mon: 88:99am-22:43pm
3375126,Sun: 24:79am-96:29am
4284065,Mon: 94:13pm-75:74am
9602062,Sun: 68:86pm-60:57am
9649844,Fri: 90:47am-76:24am
4434517,Mon: 34:56am-51:81am
5759166,Mon: 96:18am-90:62pm
1752846,Mon: 61:00pm-13:56pm
8278993,Mon: 82:57am-30:22am
3041164,Mon: 10:48am-59:43am
2643264,Wed: 13:37pm-92:03pm
4747964,Sun: 83:13am-98:07pm
3601274,Sun: 33:04pm-18:20pm
4450847,Mon: 49:43am-97:42am
4994750,Sun: 03:25am-29:54am
3866159,Mon: 70:10pm-72:72pm
9760999,Mon: 64:56am-59:14am
3314924,Wed: 71:14am-99:34am
4009910,Sun: 24:39am-56:75am
4432722,Mon: 23:56am-64:41pm
8155203,Mon: 24:79pm-55:48am
8275541,Mon: 26:38pm-43:88am
5799536,Mon: 63:61pm-26:92pm
9635920,Mon: 33:15am-57:42am
7091791,Mon: 59:84pm-78:82pm
7243896,Sun: 48:48am-45:33am
8473018,Mon: 77:37am-47:58pm
9167943,Fri: 63:42pm-03:62am
2556301,Sun: 78:54pm-21:90pm
4676213,Fri: 72:17am-13:61pm
3641793,Mon: 01:97am-96:48pm
9698157,Mon: 50:57am-58:88pm
7643902,Mon: 81:79pm-66:46pm
8416622,Mon: 96:97pm-46:08am
5853796,Fri: 77:64pm-92:99pm
1675321,Mon: 20:08pm-98:16am
8245073,Thu: 33:88pm-63:22am
1392844,Sun: 40:53pm-64:78am
9040980,Sun: 02:78pm-48:75am
3730357,Mon: 91:24am-94:31pm
7299290,Mon: 27:49am-14:11am
3628022,Mon: 08:61am-69:93pm
4876915,Thu: 42:55pm-58:52am
4047649,Sun: 29:92am-33:10pm
8999410,Sun: 06:67pm-19:67pm
2166344,Mon: 49:06pm-04:59pm
5776504,Sun: 53:82am-17:37am
4318865,Sun: 17:56pm-22:93pm
9720481,Sun: 92:43pm-84:98pm
9028651,Sun: 21:29pm-01:79am
7928352,Fri: 25:50am-57:57pm
3375126,Mon: 95:14pm-75:54am
4284065,Mon: 33:16am-25:83am
9602062,Sun: 00:16am-94:04am
9649844,Wed: 22:07pm-88:85am
4434517,Mon: 87:12pm-37:49pm
5759166,Mon: 18:45am-38:09pm
1752846,Mon: 44:89am-01:71pm
8278993,Sun: 43:88am-69:57pm
3041164,Sun: 14:39am-46:80am
2643264,Sun: 42:42pm-01:23pm
4747964,Sun: 16:86pm-45:39am
3601274,Sun: 10:16pm-48:65pm
4450847,Mon: 86:47pm-76:97pm
4994750,Sun: 03:92pm-57:08pm
3866159,Mon: 03:64pm-61:53am
9760999,Mon: 41:86am-08:75pm
3314924,Mon: 88:13pm-19:89pm
4009910,Sun: 30:96am-04:70pm
4432722,Mon: 21:65pm-71:37am
8155203,Mon: 63:48am-45:46pm
8275541,Wed: 93:66pm-12:06am
5799536,Mon: 60:74pm-91:19pm
9635920,Wed: 95:31pm-25:92am
7091791,Mon: 82:57am-88:13pm
7243896,Sun: 32:98am-07:79pm
8473018,Mon: 00:34am-64:64pm
9167943,Mon: 14:69pm-64:49pm
2556301,Mon: 51:95am-18:47pm
4676213,Mon: 25:60pm-72:15am
3641793,Mon: 48:49pm-90:65am
9698157,Fri: 02:02am-70:72am
7643902,Mon: 32:05pm-67:31am
8416622,Mon: 62:52am-05:68am
5853796,Mon: 44:72am-34:09am
1675321,Sun: 84:49am-62:32am
8245073,Mon: 10:64am-05:58am
1392844,Mon: 43:49pm-48:13am
9040980,Thu: 30:64pm-42:95pm
3730357,Sun: 25:57pm-35:77am
7299290,Mon: 07:52pm-82:72pm
3628022,Sun: 98:58pm-24:88am
4876915,Thu: 44:87am-11:27pm
4047649,Mon: 19:45am-24:41am
8999410,Sun: 59:47am-59:12am
2166344,Wed: 97:83am-07:42pm
5776504,Sun: 53:31pm-69:26am
4318865,Fri: 27:50am-75:97am
9720481,Mon: 20:97pm-53:08pm
9028651,Fri: 31:09am-93:30pm
7928352,Mon: 93:92am-10:69pm
3375126,Fri: 83:29pm-40:38am
4284065,Mon: 84:52am-95:37pm
9602062,Mon: 89:79pm-49:47am
9649844,Mon: 87:49am-58:89am
4434517,Fri: 15:99pm-64:14am
5759166,Mon: 68:25am-90:52am
1752846,Mon: 19:59am-01:37am
8278993,Mon: 79:70pm-77:08am
3041164,Sun: 67:85pm-57:00pm
2643264,Mon: 54:97am-01:72am
4747964,Mon: 44:20am-95:66pm
3601274,Mon: 06:66am-27:39am
4450847,Thu: 12:91am-34:43am
4994750,Fri: 34:89pm-84:90pm
3866159,Mon: 56:85pm-51:21am
9760999,Mon: 37:94pm-67:55am
3314924,Mon: 58:03am-21:83pm
4009910,Sun: 38:05am-64:43pm
4432722,Fri: 36:72am-48:79am
8155203,Mon: 64:93pm-81:13pm
8275541,Mon: 98:83pm-16:14am
5799536,Tue: 31:25pm-72:47pm
9635920,Mon: 11:39am-62:02am
7091791,Fri: 51:01pm-60:74am
7243896,Mon: 27:40pm-00:14am
8473018,Fri: 67:08pm-13:26am
9167943,Mon: 38:33am-17:86am
2556301,Fri: 41:79am-16:17pm
4676213,Mon: 05:19am-91:77am
3641793,Mon: 50:51am-30:69am
9698157,Fri: 28:88am-73:23pm
7643902,Mon: 12:06pm-12:13pm
8416622,Mon: 05:60am-84:11pm
5853796,Thu: 35:23am-32:23am
1675321,Sun: 69:96am-73:86am
8245073,Mon: 06:73pm-81:88am
1392844,Fri: 92:23pm-90:74pm
9040980,Wed: 88:93am-88:97pm
3730357,Mon: 63:11pm-22:99am
7299290,Mon: 76:78pm-29:88pm
3628022,Sun: 15:06pm-31:80am
4876915,Mon: 44:60pm-32:61pm
4047649,Sun: 92:30am-79:53pm
8999410,Sun: 80:36am-96:03pm
2166344,Mon: 20:03pm-27:74am
5776504,Mon: 71:24pm-11:44am
4318865,Sun: 93:03am-34:24am
9720481,Sun: 86:85am-04:69am
9028651,Wed: 55:54am-01:55am
7928352,Mon: 58:94am-56:84pm
3375126,Sun: 20:09am-27:16pm
4284065,Thu: 87:05am-93:75pm
9602062,Mon: 95:38am-39:51pm
9649844,Fri: 31:89pm-55:58am
4434517,Mon: 04:44am-09:10pm
5759166,Mon: 26:47pm-28:62pm
1752846,Mon: 29:94pm-44:59am
8278993,Thu: 43:52am-59:14am
3041164,Mon: 06:86am-33:17pm
2643264,Mon: 29:13pm-96:11am
4747964,Fri: 72:64am-63:07am
3601274,Tue: 48:72pm-47:04am
4450847,Sun: 84:42am-18:63am
4994750,Mon: 51:09am-51:28am
3866159,Sun: 57:49am-73:36am
9760999,Mon: 53:38am-66:55pm
3314924,Mon: 92:69am-17:53am
4009910,Mon: 90:46pm-39:75pm
4432722,Sun: 81:23pm-49:21am
8155203,Mon: 37:10am-39:50pm
8275541,Mon: 50:65am-98:03am
5799536,Mon: 21:07am-26:88pm
9635920,Sun: 66:51pm-28:61pm
7091791,Mon: 16:34pm-63:58pm
7243896,Sun: 98:66am-86:88am
8473018,Mon: 60:83am-75:12pm
9167943,Sun: 37:50am-56:99am
2556301,Mon: 93:51pm-61:10pm
4676213,Sun: 40:57am-06:84am
3641793,Mon: 93:89am-91:86pm
9698157,Mon: 40:40pm-83:30am
7643902,Mon: 41:77pm-01:73pm
8416622,Mon: 42:82am-43:37pm
5853796,Thu: 19:60pm-31:80am
1675321,Sun: 44:74am-48:24am
8245073,Sun: 40:71pm-19:22pm
1392844,Sun: 22:03pm-76:44pm
9040980,Sun: 27:94pm-24:66pm
3730357,Fri: 12:17am-75:18am
7299290,Fri: 74:74pm-96:09am
3628022,Mon: 48:79pm-68:22am
4876915,Mon: 90:84am-32:06am
4047649,Mon: 17:86am-90:70am
8999410,Mon: 95:99pm-83:52am
2166344,Mon: 86:48am-34:32pm
5776504,Sun: 10:59am-86:88am
4318865,Mon: 01:22am-71:33pm
9720481,Fri: 30:14pm-90:62am
9028651,Fri: 60:87pm-23:40pm
7928352,Tue: 72:68pm-44:53am
3375126,Mon: 72:36pm-13:59pm
4284065,Mon: 40:64pm-54:37pm
9602062,Sun: 55:11pm-94:03am
9649844,Sun: 53:27am-10:79am
4434517,Fri: 03:16pm-08:69am
5759166,Sun: 83:75am-21:48am
1752846,Mon: 72:99am-55:80pm
8278993,Mon: 49:95am-69:37am
3041164,Wed: 24:42am-33:28am
2643264,Mon: 37:92pm-47:78am
4747964,Fri: 10:15am-06:65am
3601274,Thu: 25:54pm-24:94am
4450847,Mon: 10:70am-56:82am
4994750,Mon: 20:06pm-93:54am
3866159,Mon: 40:85am-05:28am
9760999,Mon: 54:83am-74:94am
3314924,Mon: 87:96am-84:86am
4009910,Wed: 57:95pm-64:26pm
4432722,Mon: 19:02pm-23:35am
8155203,Mon: 44:67pm-15:42pm
8275541,Mon: 49:14am-56:23am
5799536,Mon: 82:03am-60:16pm
9635920,Mon: 73:65am-67:49pm
7091791,Mon: 32:03am-46:81am
7243896,Sun: 75:55am-79:97pm
8473018,Sun: 69:22am-57:56pm
9167943,Mon: 08:39pm-68:05am
2556301,Mon: 84:40pm-38:57pm
4676213,Sun: 85:67am-98:20am
3641793,Mon: 24:62am-23:19am
9698157,Mon: 48:38am-57:01pm
7643902,Mon: 16:76pm-73:30am
8416622,Fri: 34:70pm-80:17pm
5853796,Thu: 57:52am-83:56am
1675321,Thu: 44:98am-28:89pm
8245073,Mon: 48:65pm-97:36am
1392844,Sun: 58:33am-78:34pm
9040980,Tue: 60:13pm-49:14am
3730357,Mon: 18:32am-57:69pm
7299290,Mon: 91:42am-39:80am
3628022,Sun: 06:44am-91:87am
4876915,Mon: 74:91am-83:90pm
4047649,Mon: 48:34am-57:25pm
8999410,Sun: 25:85am-60:79am
2166344,Sun: 00:65pm-76:02am
5776504,Mon: 73:51am-93:74am
4318865,Mon: 69:96pm-07:40am
9720481,Tue: 86:42am-53:87am
9028651,Mon: 32:33pm-34:66am
7928352,Mon: 26:38pm-56:97pm
3375126,Sun: 02:11pm-98:70am
4284065,Mon: 97:43pm-90:24am
9602062,Mon: 00:03pm-26:75pm
9649844,Sun: 97:02am-02:06am
4434517,Sun: 36:75am-35:80pm
5759166,Mon: 27:87pm-80:69am
1752846,Tue: 10:52pm-33:75am
8278993,Fri: 11:72pm-47:22am
3041164,Sun: 55:40pm-40:14pm
2643264,Sun: 39:37pm-93:41am
4747964,Sun: 36:45pm-36:89pm
3601274,Sun: 91:83pm-50:66pm
4450847,Wed: 41:20am-29:97pm
4994750,Mon: 55:41pm-93:51am
3866159,Mon: 42:78pm-71:44am
9760999,Thu: 05:04pm-26:38am
3314924,Fri: 63:83am-00:03pm
4009910,Mon: 26:65am-67:55am
4432722,Mon: 13:28pm-00:23am
8155203,Mon: 26:27am-28:33am
8275541,Sun: 14:90pm-96:26pm
5799536,Fri: 13:35am-35:60am
9635920,Fri: 45:26am-18:61am
7091791,Thu: 46:63pm-13:37pm
7243896,Fri: 15:19pm-38:59pm
8473018,Fri: 24:82am-66:37pm
9167943,Fri: 42:83am-07:45am
2556301,Mon: 85:99am-14:23pm
4676213,Mon: 34:53am-41:88pm
3641793,Mon: 72:87pm-21:67am
9698157,Mon: 25:35pm-34:18pm
7643902,Mon: 22:51am-18:04am
8416622,Mon: 29:38am-41:41pm
5853796,Fri: 19:35am-13:24am
1675321,Mon: 77:71am-46:32am
8245073,Mon: 29:95am-01:93am
1392844,Sun: 25:15am-56:61am
9040980,Sun: 44:60am-81:86am
3730357,Fri: 84:15pm-75:00am
7299290,Mon: 11:90am-66:70am
3628022,Fri: 16:26pm-76:24am
4876915,Sun: 53:86pm-96:18am
4047649,Mon: 43:27pm-65:32pm
8999410,Mon: 46:89pm-01:65pm
2166344,Fri: 72:29am-38:35pm
5776504,Mon: 37:65am-00:89pm
4318865,Mon: 80:50am-56:79pm
9720481,Sun: 36:71pm-63:64am
9028651,Sun: 42:50pm-16:77am
7928352,Mon: 26:74am-77:37pm
3375126,Mon: 17:10pm-23:11am
4284065,Mon: 06:53pm-66:89pm
